{"labels": [13, 2, 2, 2, 2, 2, 2, 2, 2, 2, 2, 2, 13, 2, 2, 2, 2, 2, 2, 2, 2, 2, 2, 2, 2, 2, 2, 2, 7, 2, 18, 2, 2, 2, 7, 2, 2, 2, 2, 2, 2, 2, 2, 2, 2, 2, 2, 2, 2, 2, 2, 2, 2, 2, 2, 2, 2, 2, 2, 2, 2, 7, 2, 2, 2, 2, 2, 2, 2, 7, 2], "scores": [0.9211783409118652, 0.8662801384925842, 0.8476814031600952, 0.7846309542655945, 0.7693603038787842, 0.7160428762435913, 0.6020695567131042, 0.5747106671333313, 0.562003493309021, 0.5608248114585876, 0.5417277216911316, 0.42769038677215576, 0.3435225486755371, 0.3067963719367981, 0.30454710125923157, 0.29972249269485474, 0.294668048620224, 0.25434914231300354, 0.2310638576745987, 0.18526577949523926, 0.17277216911315918, 0.16880662739276886, 0.15834391117095947, 0.13967055082321167, 0.1128692477941513, 0.0932779610157013, 0.0883641466498375, 0.08373471349477768, 0.07687953859567642, 0.0761028379201889, 0.07582800835371017, 0.07558398693799973, 0.06734462827444077, 0.06699102371931076, 0.06695759296417236, 0.06317562609910965, 0.060894571244716644, 0.05202315375208855, 0.04945099353790283, 0.04781424626708031, 0.04733246564865112, 0.04377343878149986, 0.03688656538724899, 0.03620317950844765, 0.035273339599370956, 0.03369961306452751, 0.03088287264108658, 0.029757259413599968, 0.029669897630810738, 0.02890573814511299, 0.02850797027349472, 0.027386052533984184, 0.025787049904465675, 0.02543727122247219, 0.02377389185130596, 0.02107989601790905, 0.01960696280002594, 0.019024696201086044, 0.01864534802734852, 0.017285339534282684, 0.016934769228100777, 0.016684086993336678, 0.01578812673687935, 0.015218328684568405, 0.014957644045352936, 0.013937704265117645, 0.013485013507306576, 0.013367141596972942, 0.012795794755220413, 0.010262538678944111, 0.010001707822084427], "bboxes": [[216.31524658203125, 177.08445739746094, 457.240478515625, 386.2820739746094], [294.5052795410156, 116.156982421875, 375.6374206542969, 150.0797576904297], [185.15245056152344, 108.36052703857422, 297.11029052734375, 155.37081909179688], [608.9989624023438, 109.60940551757812, 639.1393432617188, 137.91722106933594], [480.49542236328125, 109.87905883789062, 522.6309814453125, 130.8040008544922], [430.46697998046875, 105.07970428466797, 484.93634033203125, 131.88619995117188], [267.56500244140625, 104.93971252441406, 324.0604553222656, 128.70130920410156], [398.4897155761719, 111.5999526977539, 431.9958801269531, 132.8922882080078], [167.9104461669922, 108.55608367919922, 222.79238891601562, 143.01719665527344], [69.15956115722656, 86.07752227783203, 119.29019927978516, 104.36827850341797], [590.5994262695312, 109.65111541748047, 615.3375244140625, 126.34856414794922], [568.47509765625, 110.03809356689453, 594.322509765625, 126.5107421875], [373.9637451171875, 133.9082489013672, 434.0569763183594, 191.43702697753906], [555.9226684570312, 109.93437194824219, 593.0110473632812, 127.46538543701172], [133.5823974609375, 91.70284271240234, 183.27767944335938, 110.57881927490234], [-0.0942751094698906, 109.316650390625, 15.84804916381836, 127.77301025390625], [132.3670654296875, 89.27538299560547, 159.27427673339844, 104.24272918701172], [132.38169860839844, 90.52728271484375, 169.1953582763672, 108.9104995727539], [133.1618194580078, 92.17256164550781, 186.87457275390625, 121.60566711425781], [173.1585693359375, 109.5185775756836, 241.06610107421875, 149.7748260498047], [-0.12033316493034363, 113.29459381103516, 61.52703857421875, 143.07078552246094], [44.62724685668945, 117.57523345947266, 63.045875549316406, 142.43618774414062], [596.9445190429688, 111.08135986328125, 629.0245971679688, 132.861328125], [430.677978515625, 109.14381408691406, 467.3522033691406, 131.02362060546875], [155.50416564941406, 92.39128875732422, 186.17599487304688, 107.08219909667969], [132.79656982421875, 89.58511352539062, 161.84922790527344, 115.8810806274414], [363.9814147949219, 109.92459869384766, 432.8227844238281, 152.0401611328125], [164.609375, 92.01773834228516, 183.65518188476562, 105.38628387451172], [294.71112060546875, 115.35087585449219, 373.6787414550781, 150.2318115234375], [222.00511169433594, 92.1729736328125, 262.40850830078125, 108.46492004394531], [373.5924987792969, 132.0299835205078, 433.5621643066406, 188.8407440185547], [220.91708374023438, 89.98628234863281, 276.9365539550781, 110.14004516601562], [7.198721408843994, 111.3211669921875, 21.436620712280273, 130.59078979492188], [546.3423461914062, 104.83675384521484, 573.313720703125, 126.84762573242188], [175.41098022460938, 107.51714324951172, 296.4496154785156, 156.16458129882812], [35.28709411621094, 115.36148071289062, 57.276309967041016, 138.9784698486328], [49.84892272949219, 102.93451690673828, 72.85413360595703, 123.96075439453125], [541.7208251953125, 110.37747192382812, 571.723388671875, 132.50747680664062], [71.56591033935547, 87.03196716308594, 105.70655822753906, 102.12044525146484], [220.7554168701172, 88.90433502197266, 270.3566589355469, 105.55750274658203], [168.05250549316406, 91.33255767822266, 187.4103240966797, 105.21135711669922], [-0.5570045113563538, 111.0799331665039, 42.58169937133789, 140.97535705566406], [378.1294860839844, 132.61045837402344, 432.1557312011719, 182.05892944335938], [58.35231018066406, 88.65670013427734, 108.77347564697266, 110.22706604003906], [280.7621765136719, 109.97250366210938, 341.917236328125, 136.4594268798828], [50.392608642578125, 109.71054077148438, 71.27054595947266, 123.6220703125], [168.009521484375, 102.86419677734375, 207.44395446777344, 128.65733337402344], [542.364501953125, 109.19828796386719, 592.9600219726562, 134.9380340576172], [58.23793029785156, 86.21835327148438, 121.45951080322266, 115.80197143554688], [260.0882263183594, 105.41197967529297, 303.9510192871094, 121.13565063476562], [238.21954345703125, 94.35735321044922, 272.9085388183594, 113.40861511230469], [552.5923461914062, 110.1446533203125, 568.9135131835938, 124.26747131347656], [473.0271301269531, 111.70623779296875, 508.2091064453125, 129.6623992919922], [356.624755859375, 113.47591400146484, 380.2174072265625, 143.6956329345703], [260.50494384765625, 106.5934066772461, 304.01702880859375, 129.07264709472656], [539.36376953125, 112.53558349609375, 555.6195678710938, 127.80187225341797], [47.518341064453125, 112.668701171875, 64.6545639038086, 129.12020874023438], [267.72918701171875, 107.49842834472656, 316.9685974121094, 125.14656066894531], [354.8355407714844, 92.28055572509766, 378.7597351074219, 110.076416015625], [349.5575256347656, 87.98147583007812, 379.0079345703125, 110.50060272216797], [162.56373596191406, 105.28302001953125, 203.50657653808594, 132.03138732910156], [62.35161590576172, 89.04275512695312, 117.60375213623047, 122.5550765991211], [530.5427856445312, 114.5927963256836, 543.906494140625, 139.754638671875], [534.7522583007812, 112.08811950683594, 564.7160034179688, 139.2433319091797], [597.576904296875, 106.62362670898438, 626.7926025390625, 127.53633117675781], [589.561767578125, 107.87230682373047, 619.276123046875, 129.5439910888672], [51.45528030395508, 97.97874450683594, 116.7240982055664, 125.17119598388672], [167.99778747558594, 90.07185363769531, 196.69793701171875, 106.72723388671875], [354.1255798339844, 109.00575256347656, 377.9987487792969, 128.46437072753906], [266.69830322265625, 103.95016479492188, 377.46893310546875, 146.95079040527344], [360.7340393066406, 123.90190124511719, 380.9539794921875, 147.51931762695312]]}